{"cameraMode":{"drawMode":0,"name":"Shaded","section":"Shading Mode"},"sceneLighting":true,"audioPlay":false,"sceneViewState":{"m_AlwaysRefresh":false,"showFog":true,"showSkybox":true,"showFlares":true,"showImageEffects":true,"showParticleSystems":true,"showVisualEffectGraphs":true,"m_FxEnabled":true},"in2DMode":false,"pivot":{"x":0.22845569252967835,"y":0.007402531802654266,"z":-0.20974266529083253},"rotation":{"x":-0.07806817442178726,"y":0.7399230599403381,"z":-0.08720039576292038,"w":-0.6624348759651184},"size":0.1414213627576828,"orthographic":false}