{"cameraMode":{"drawMode":0,"name":"Shaded","section":"Shading Mode"},"sceneLighting":true,"audioPlay":false,"sceneViewState":{"m_AlwaysRefresh":false,"showFog":true,"showSkybox":true,"showFlares":true,"showImageEffects":true,"showParticleSystems":true,"showVisualEffectGraphs":true,"m_FxEnabled":true},"in2DMode":false,"pivot":{"x":0.1516602337360382,"y":-0.016495686024427415,"z":-0.1788085699081421},"rotation":{"x":0.0636184811592102,"y":0.7823057174682617,"z":0.08101420849561691,"w":-0.6143237948417664},"size":0.1414213627576828,"orthographic":false}